{
  "project_info": {
    "project_number": "3525065415",
    "project_id": "productlist-f8980",
    "storage_bucket": "productlist-f8980.appspot.com"
  },
  "client": [
    {
      "client_info": {
        "mobilesdk_app_id": "1:3525065415:android:d45923cac1df84c2795ce2",
        "android_client_info": {
          "package_name": "mx.ipn.cic.geo.firebase_recycler_view"
        }
      },
      "oauth_client": [
        {
          "client_id": "3525065415-rphjmdev92r5fe6baur3kq69pnrkemgg.apps.googleusercontent.com",
          "client_type": 3
        }
      ],
      "api_key": [
        {
          "current_key": "AIzaSyA_Kp8XKkIwIYmgjJnZnFd13sdNfOfXGus"
        }
      ],
      "services": {
        "appinvite_service": {
          "other_platform_oauth_client": [
            {
              "client_id": "3525065415-rphjmdev92r5fe6baur3kq69pnrkemgg.apps.googleusercontent.com",
              "client_type": 3
            }
          ]
        }
      }
    }
  ],
  "configuration_version": "1"
}